ABE,KABE,US/Eastern,Allentown PA,40.6524,-75.4404
ABJ,DIAP,Africa/Lagos,Abidjan Ivory Coast,5.2597,-3.9264
ABQ,KABQ,US/Mountain,Albuquerque NM,35.0402,-106.609
ABR,KABR,US/Central,Aberdeen SD,45.4489,-98.4217
ABY,KABY,US/Eastern,Albany GA,31.5356,-84.1944
ABZ,EGPD,Etc/Greenwich,Aberdeen United Kingdom,57.2047,-2.1978
ACA,MMAA,US/Central,Acapulco Mexico,16.7569,-99.7536
ACY,KACY,US/Eastern,Atlantic City NJ,39.4575,-74.5769
AEX,KAEX,US/Central,Alexandria LA,31.3274,-92.5486
AGA,GMAD,Africa/Casablanca,Agadir Morocco,30.3225,-9.4114
AGP,LEMG,Europe/Paris,Malaga Spain,36.6736,-4.4989
AGS,KAGS,US/Eastern,Augusta GA,33.37,-81.9645
AGU,MMAS,US/Central,Aguascalientes Mexico,21.7053,-102.318
AJA,LFKJ,Europe/Paris,Ajaccio France,41.9236,8.8028
AKL,NZAA,Pacific/Auckland,Auckland New Zealand,-37.0081,174.792
ALB,KALB,US/Eastern,Albany NY,42.7481,-73.803
ALC,LEAL,Europe/Paris,Alicante Spain,38.2819,-0.5581
ALG,DAAG,Europe/Paris,Algiers Algeria,36.6908,3.2153
ALO,KALO,US/Central,Waterloo IA,42.5569,-92.4003
AMA,KAMA,US/Central,Amarillo TX,35.2194,-101.706
AMM,OJAM,Asia/Kuwait,Amman Jordan,31.9727,35.9916
AMS,EHAM,Europe/Paris,Amsterdam Netherlands,52.3086,4.7639
ANC,PANC,US/Alaska,Anchorage AK,61.1742,-149.996
ANU,TAPA,Canada/Atlantic,St Johns Antigua and Barbuda,17.1367,-61.7925
AOI,LIPY,Europe/Paris,Ancona Italy,43.6164,13.3622
AOJ,RJSA,Asia/Tokyo,Aomori Japan,40.7347,140.691
APF,KAPF,US/Eastern,Naples FL,26.1525,-81.775
ARN,ESSA,Europe/Paris,Stockholm-Arlanda Sweden,59.6572,17.9331
ASE,KASE,US/Mountain,Aspen CO,39.2231,-106.869
ATH,LGAV,Europe/Athens,Athens Greece,37.8867,23.73
ATL,KATL,US/Eastern,Atlanta GA,33.6403,-84.4267
ATW,KATW,US/Central,Appleton WI,44.2574,-88.5195
ATY,KATY,US/Central,Watertown SD,44.9139,-97.1544
AUA,SWBV,US/Eastern,Aruba Netherland Antilles,12.5014,-70.0152
AUH,OMAA,Asia/Dubai,Abu Dhabi United Arab Emirates,24.433,54.6511
AUS,KAUS,US/Central,Austin TX,30.1944,-97.67
AVL,KAVL,US/Eastern,Asheville NC,35.4361,-82.5419
AVN,LFMV,Europe/Paris,Avignon France,43.9072,4.9017
AVP,KAVP,US/Eastern,Wilkes-Barre/Scranton PA,41.3381,-75.7242
AXT,RJSK,Asia/Tokyo,Akita Japan,39.6156,140.219
AZO,KAZO,US/Eastern,Kalamazoo MI,42.235,-85.5519
BAH,OBBI,Asia/Kuwait,Bahrain International Airport,26.2708,50.9669
BAQ,SKBQ,Brazil/Acre,Barranquilla Colombia,10.8931,-74.7831
BCN,LEBL,Europe/Paris,Barcelona Spain,41.2971,2.0785
BDA,TXKF,Canada/Atlantic,Hamilton Bermuda,32.3639,-64.6786
BDL,KBDL,US/Eastern,Hartford CT,41.9389,-72.6833
BDS,LIBR,Europe/Paris,Brindisi Italy,41.1383,16.7606
BEG,LYBE,Europe/Paris,Belgrade Serbia,44.8183,20.3089
BES,LFRB,Europe/Paris,Brest France,48.4478,-4.4183
BEY,OLBA,Europe/Athens,Beirut Lebanon,33.8133,35.4886
BFI,KBFI,US/Pacific,Boeing Field WA,47.525,-122.303
BFL,KBFL,US/Pacific,Bakersfield CA,35.4333,-119.057
BGF,FEFF,Africa/Harare,Bangui Central African Republic,4.3983,18.5186
BGI,TBPB,Canada/Atlantic,Bridgetown Barbados,13.0742,-59.4919
BGM,KBGM,US/Eastern,Binghamton NY,42.2086,-75.9797
BGR,KBGR,US/Eastern,Bangor ME,44.8074,-68.8281
BHD,EGAA,Etc/Greenwich,Belfast United Kingdom,54.6181,-5.8725
BHM,KBHM,US/Central,Birmingham AL,33.5629,-86.7535
BHX,EGBB,Etc/Greenwich,Birmingham United Kingdom,52.4536,-1.7478
BIA,LFKB,Europe/Paris,Bastia France,42.5539,9.4833
BIL,KBIL,US/Mountain,Billings MT,45.8077,-108.543
BIO,LEBB,Europe/Paris,Bilbao Spain,43.3008,-2.9106
BIQ,LFBZ,Europe/Paris,Biarritz France,43.4683,-1.5231
BIS,KBIS,US/Central,Bismarck ND,46.7725,-100.746
BJX,MMLO,US/Central,Leon Mexico,20.9933,-101.481
BKK,VTBD,Asia/Bangkok,Bangkok Thailand,13.9125,100.607
BKO,GABS,Africa/Casablanca,Bamako Mali,12.5335,-7.9501
BLL,EKBI,Europe/Paris,Billund Denmark,55.7403,9.1517
BLQ,LIPE,Europe/Paris,Bologna Italy,44.5342,11.2903
BMI,KBMI,US/Central,Bloomington IL,40.4778,-88.9158
BNA,KBNA,US/Central,Nashville TN,36.1244,-86.6781
BOD,LFBD,Europe/Paris,Bordeaux France,44.8283,-0.7156
BOG,SKBO,Brazil/Acre,Bogota Colombia,4.70111,-74.1467
BOI,KBOI,US/Mountain,Boise ID,43.5644,-116.223
BOM,VABB,Asia/Calcutta,Mumbai India,19.0886,72.8678
BON,TNCB,US/Eastern,Bonaire Netherland Antilles,12.1308,-68.2683
BOS,KBOS,US/Eastern,Boston MA,42.3643,-71.0052
BPT,KBPT,US/Central,Beaumont TX,29.9508,-94.0206
BQK,KBQK,US/Eastern,Brunswick GA,31.2592,-81.4664
BQN,TJBQ,US/Eastern,Aguadilla Puerto Rico,18.4947,-67.1294
BRE,EDDW,Europe/Paris,Bremen Germany,53.0475,8.7867
BRI,LIBD,Europe/Paris,Bari Italy,41.1383,16.7606
BRN,LSZB,Europe/Paris,Bern Switzerland,46.9111,7.4969
BRO,KBRO,US/Central,Brownsville TX,25.9067,-97.4258
BRS,EGGD,Etc/Greenwich,Bristol United Kingdom,51.3825,-2.7189
BRU,EBBR,Europe/Paris,Brussels Belgium,50.9022,4.4986
BSB,SBBR,America/Sao_Paulo,Brasilia Brazil,-15.8625,-47.9125
BSL,LFSB,Europe/Paris,Basel Switzerland,47.5833,7.5333
BTM,KBTM,US/Mountain,Butte MT,45.9548,-112.497
BTR,KBTR,US/Central,Baton Rouge LA,30.5331,-91.1497
BTS,LZIB,Europe/Paris,Bratislava Slovakia,48.17,17.2125
BTV,KBTV,US/Eastern,Burlington VT,44.473,-73.1503
BUD,LHBM,Europe/Paris,Budapest Hungary,47.4367,19.2556
BUF,KBUF,US/Eastern,Buffalo NY,42.9406,-78.7322
BUR,KBUR,US/Pacific,Burbank CA,34.2006,-118.359
BWI,KBWI,US/Eastern,Baltimore MD,39.1754,-76.6682
BZE,MZBZ,US/Central,Belize City Belize,17.5389,-88.3081
BZN,KBZN,US/Mountain,Bozeman MT,45.7769,-111.153
BZV,FCBB,Africa/Harare,Brazzaville Congo,-4.2517,15.2528
CAE,KCAE,US/Eastern,Columbia SC,33.9388,-81.1195
CAG,LIEE,Europe/Paris,Cagliari Italy,39.2514,9.0542
CAI,HECA,Europe/Athens,Cairo Egypt,30.1219,31.4056
CAK,KCAK,US/Eastern,Akron OH,40.9164,-81.4425
CAN,ZGGG,Asia/Harbin,Guangzhou China,23.1842,113.266
CAY,SOCA,America/Sao_Paulo,Cayenne French Guinea,4.8197,-52.3603
CCS,SVMI,Chile/Continental,Caracas Venezuela,10.6031,-66.9906
CDB,PCDB,US/Alaska,Cold Bay AK,55.2056,-162.724
CDC,KCDC,US/Mountain,Cedar City UT,37.7008,-113.099
CDG,LFPG,Europe/Paris,Paris-De Gaulle France,49.0128,2.55
CEN,MMCN,US/Central,Ciudad Obregon Mexico,27.3925,-109.833
CFE,LFLC,Europe/Paris,Clermont France,45.7864,3.1692
CFR,LFRK,Europe/Paris,Caen France,49.1733,-0.45
CGK,WIII,Asia/Makassar,Jakarta Indonesia,-6.1256,106.656
CHA,KCHA,US/Eastern,Chattanooga TN,35.0353,-85.2039
CHO,KCHO,US/Eastern,Charlottesville VA,38.1386,-78.4529
CHS,KCHS,US/Eastern,Charleston SC,32.8986,-80.0405
CID,KCID,US/Central,Cedar Rapids IA,41.8847,-91.7108
CIU,KCIU,US/Eastern,Sault Sainte Marie MI,46.2506,-84.4722
CJS,MMCS,US/Central,Ciudad Juarez Mexico,31.6361,-106.429
CKB,KCKB,US/Eastern,Clarksburg WV,39.2967,-80.2281
CKY,GUCY,Africa/Casablanca,Conakry Guinea,9.5775,-13.6117
CLE,KCLE,US/Eastern,Cleveland-Hopkins OH,41.4108,-81.8494
CLT,KCLT,US/Eastern,Charlotte NC,35.2141,-80.9431
CLY,LKFC,Europe/Paris,Calvi France,42.5306,8.7931
CMH,KCMH,US/Eastern,Columbus OH,39.9981,-82.8919
CMI,KCMI,US/Central,Champaign-Urbana IL,40.0392,-88.2781
CMN,GMMC,Africa/Casablanca,Casablanca Morocco,33.3678,-7.5878
CMX,KCMX,US/Eastern,Hancock MI,47.1683,-88.4889
COD,KCOD,US/Mountain,Cody WY,44.5202,-109.024
COO,DBBB,Africa/Lagos,Cotonou Benin,6.3572,2.3842
COS,KCOS,US/Mountain,Colorado Springs CO,38.8058,-104.7
CPH,EKCH,Europe/Paris,Copenhagen Denmark,55.6178,12.6558
CPR,KCPR,US/Mountain,Casper WY,42.9084,-106.464
CPT,FACT,Africa/Johannesburg,Cape Town South Africa,-33.9644,18.6017
CRP,KCRP,US/Central,Corpus Christi TX,27.7703,-97.5501
CRW,KCRW,US/Eastern,Charleston WV,38.3731,-81.5931
CSG,KCSG,US/Eastern,Columbus GA,32.5164,-84.9389
CTA,LICC,Europe/Paris,Catania Italy,37.4667,15.0661
CTS,RJCC,Asia/Tokyo,Chitose Japan,42.775,141.692
CUL,MMCL,US/Mountain,Culiacan Mexico,24.7644,-107.474
CUN,MMUN,US/Central,Cancun Mexico,21.0364,-86.8769
CUR,TNCC,US/Eastern,Curacao Netherlands Antilles,12.1886,-68.9597
CUU,MMCU,US/Mountain,Chihuahua Mexico,28.7028,-105.964
CVG,KCVG,US/Eastern,Cincinnati OH,39.0461,-84.6622
CWA,KCWA,US/Central,Wausau WI,44.7775,-89.6667
CZM,MMCZ,US/Central,Cozumel Mexico,20.5222,-86.9256
DAB,KDAB,US/Eastern,Daytona Beach FL,29.1799,-81.0581
DAL,KDAL,US/Central,Dallas-Love Field TX,32.8472,-96.8517
DAM,OSDI,Europe/Athens,Damascus Syria,33.4114,36.5156
DAR,HTDA,Africa/Nairobi,Dar es Salaam Tanzania,-6.8781,39.2025
DAY,KDAY,US/Eastern,Dayton OH,39.9024,-84.2194
DBV,LDDU,Europe/Paris,Dubrovnik Croatia,42.5611,18.2681
DCA,KDCA,US/Eastern,Washington-Reagan DC,38.8519,-77.0375
DEL,VIDD,Asia/Calcutta,Delhi India,28.5664,77.1031
DEN,KDEN,US/Mountain,Denver CO,39.8583,-104.667
DFW,KDFW,US/Central,Dallas-Fort Worth TX,32.8958,-97.0369
DHN,KDHN,US/Central,Dothan AL,31.3213,-85.4496
DKR,YOFF,Africa/Casablanca,Dakar Senegal,14.74,-17.4892
DLA,FKKD,Africa/Lagos,Douala Cameroon,4.0058,9.7194
DLH,KDLH,US/Central,Duluth MN,46.8419,-92.1936
DOH,OTBD,Asia/Kuwait,Doha Qatar,25.2611,51.565
DSM,KDSM,US/Central,Des Moines IA,41.535,-93.6606
DTW,KDTW,US/Eastern,Detroit-Wayne County MI,42.2121,-83.3488
DUB,EIDW,Etc/Greenwich,Dublin Ireland,53.4211,-6.27
DUR,FADN,Africa/Johannesburg,Durban South Africa,-29.97,30.9503
DUS,EDDL,Europe/Paris,Dusseldorf Germany,51.2894,6.7667
DUT,PDUT,US/Alaska,Dutch Harbor AK,53.9,-166.543
DXB,OMDB,Asia/Dubai,Dubai United Arab Emirates,25.2547,55.3642
EBB,HUEN,Africa/Nairobi,Entebbe Uganda,0.0422,32.4433
EDI,EGPH,Etc/Greenwich,Edinburgh United Kingdom,55.95,-3.3725
EFD,KEFD,US/Central,Houston-Ellington TX,29.6072,-95.1586
EGE,KEGE,US/Mountain,Vail/Aspen CO,39.6425,-106.918
EKO,KEKO,US/Pacific,Elko NV,40.825,-115.792
ELM,KELM,US/Eastern,Elmira/Corning NY,42.1597,-76.8914
ELP,KELP,US/Mountain,El Paso TX,31.8067,-106.378
ELS,FAEL,Africa/Johannesburg,East London South Africa,-33.0356,27.8258
ERI,KERI,US/Eastern,Erie PA,42.0819,-80.1758
ESF,KESF,US/Central,Alexandria-Regional LA,31.3947,-92.2956
ETZ,LFJL,Europe/Paris,Metz France,48.9819,6.2511
EUG,KEUG,US/Pacific,Eugene OR,44.1233,-123.219
EVV,KEVV,US/Central,Evansville IN,38.0381,-87.5306
EWR,KEWR,US/Eastern,Newark NJ,40.6925,-74.1686
EXT,EGTE,Etc/Greenwich,Exeter United Kingdom,50.7344,-3.4139
EYW,KEYW,US/Eastern,Key West FL,24.5561,-81.7596
EZE,SAEZ,America/Sao_Paulo,Buenos Aires Argentina,-34.8228,-58.5281
FAI,PFAI,US/Alaska,Fairbanks-Intl AK,64.8136,-147.859
FAR,KFAR,US/Central,Fargo ND,46.9203,-96.8156
FAT,KFAT,US/Pacific,Fresno CA,36.7761,-119.718
FAY,KFAY,US/Eastern,Fayetteville NC,34.9915,-78.88
FCA,KFCA,US/Mountain,Kalispell/Columbia Falls MT,48.3114,-114.225
FCO,LIRF,Europe/Paris,Rome-Leonardo Italy,41.8128,12.2531
FDF,TFFF,Canada/Atlantic,Fort de France Martinique,14.5908,-61.0031
FIH,FZAA,Africa/Lagos,Kinshasa Congo,-4.3856,15.4444
FLL,KFLL,US/Eastern,Fort Lauderdale FL,26.0726,-80.1527
FLO,KFLO,US/Eastern,Florence SC,34.1853,-79.7239
FLR,LIRQ,Europe/Paris,Florence Italy,43.8097,11.205
FNI,LFTW,Europe/Paris,Nimes France,43.7572,4.4161
FNT,KFNT,US/Eastern,Flint MI,42.9653,-83.7433
FPO,MYGF,US/Eastern,Freeport Bahamas,26.5586,-78.6953
FRA,EDDF,Europe/Paris,Frankfurt Germany,50.0264,8.5431
FRU,UAFM,Asia/Novosibirsk,Ganci Air Base Kyrgyzstan,43.0614,74.4775
FSC,LFKF,Europe/Paris,Figari France,41.5006,9.0978
FSD,KFSD,US/Central,Sioux Falls SD,43.5811,-96.7417
FSM,KFSM,US/Central,Fort Smith AR,35.3364,-94.3672
FUK,RJFF,Asia/Tokyo,Fukoka Japan,33.5864,130.45
FWA,KFWA,US/East-Indiana,Fort Wayne IN,40.9785,-85.1951
GCM,MWCR,US/Eastern,Grand Cayman Cayman Islands,19.2928,-81.3575
GDL,MMGL,US/Central,Guadalajara Mexico,20.5217,-103.311
GEG,KGEG,US/Pacific,Spokane WA,47.6199,-117.534
GFK,KGFK,US/Central,Grand Forks ND,47.9492,-97.1761
GIG,SBGL,America/Sao_Paulo,Rio de Janeiro Brazil,-22.8089,-43.2436
GJT,KGJT,US/Mountain,Grand Junction CO,39.1225,-108.527
GLA,EGFP,Etc/Greenwich,Glasgow United Kingdom,55.8717,-4.43306
GLH,KGLH,US/Central,Greenville MS,33.4828,-90.9856
GND,TGPY,Canada/Atlantic,Port Salines Grenada,12.0042,-61.7861
GNV,KGNV,US/Eastern,Gainesville FL,29.6901,-82.2718
GOA,LIMJ,Europe/Paris,Genoa Italy,44.4119,8.8417
GOT,ESGG,Europe/Paris,Gothenburg Sweden,57.6628,12.2797
GPT,KGPT,US/Central,Gulfport/Biloxi MS,30.4072,-89.07
GRB,KGRB,US/Central,Green Bay WI,44.485,-88.1297
GRJ,FAGG,Africa/Johannesburg,George South Africa,-34.0053,22.3789
GRR,KGRR,US/Eastern,Grand Rapids MI,42.8808,-85.5228
GRU,SBGR,America/Sao_Paulo,Sao Paulo Brazil,-23.4322,-46.4692
GSO,KGSO,US/Eastern,Greensboro NC,36.0977,-79.9373
GSP,KGSP,US/Eastern,Greenville SC,34.8956,-82.2189
GTF,KGTF,US/Mountain,Great Falls MT,47.482,-111.371
GTR,KGTR,US/Central,Columbus MS,33.4503,-88.5914
GUA,MGGT,US/Central,Guatemala City Guatemala,14.5831,-90.5275
GUC,KGUC,US/Mountain,Gunnison CO,38.5339,-106.933
GUM,PGAC,Pacific/Port_Moresby,Guam,13.4839,144.797
GVA,LSGG,Europe/Paris,Geneva Switzerland,46.2381,6.1089
GYE,SEGU,Brazil/Acre,Guayaquil Ecuador,-2.1578,-79.8839
GYM,MMGM,US/Central,Guaymas Mexico,27.9689,-110.925
HAJ,EDDV,Europe/Paris,Hannover Germany,52.4608,9.685
HAM,EDDH,Europe/Paris,Hamburg Germany,53.6308,9.9967
HAN,VVGL,Asia/Bangkok,Hanoi Viet Nam,21.2217,105.806
HAV,MUHA,US/Eastern,Havana Cuba,22.9892,-82.4092
HDN,KHDN,US/Mountain,Hayden CO,40.4811,-107.217
HEL,EFHK,Europe/Athens,Helsinki Finland,60.32,24.9561
HIB,KHIB,US/Central,Hibbing MN,47.3864,-92.8389
HKG,VHHH,Asia/Hong_Kong,Hong Kong China,22.3089,113.914
HLN,KHLN,US/Mountain,Helena MT,46.6068,-111.983
HMO,MMHO,US/Mountain,Hermosillo Mexico,29.0958,-111.048
HNL,PHNL,US/Hawaii,Honolulu HI,21.3187,-157.922
HOU,KHOU,US/Central,Houston-Hobby TX,29.6456,-95.2789
HPN,KHPN,US/Eastern,White Plains NY,41.067,-73.7076
HRL,KHRL,US/Central,Harlingen TX,26.2283,-97.6542
HSV,KHSV,US/Central,Huntsville AL,34.6404,-86.7731
HTS,KHTS,US/Eastern,Huntington WV,38.3667,-82.5581
HVN,KHVN,US/Eastern,New Haven CT,41.2636,-72.8867
IAD,KIAD,US/Eastern,Washington-Dulles DC,38.9445,-77.4558
IAH,KIAH,US/Central,Houston-Bush Intercontinental TX,29.9806,-95.3397
ICN,RKSI,Asia/Seoul,Seoul-Inchon South Korea,37.4689,126.45
ICT,KICT,US/Central,Wichita KS,37.65,-97.4331
IDA,KIDA,US/Mountain,Idaho Falls ID,43.5146,-112.07
ILE,KILE,US/Central,Killeen TX,31.0858,-97.6865
ILM,KILM,US/Eastern,Wilmington NC,34.2706,-77.9026
IND,KIND,US/East-Indiana,Indianapolis IN,39.7173,-86.2944
INL,KINL,US/Central,International Falls MN,48.5661,93.4031
ISO,KISO,US/Eastern,Kinston NC,35.3314,-77.6086
ISP,KISP,US/Eastern,Islip NY,40.7953,-73.1003
IST,LTBA,Europe/Athens,Istanbul Turkey,40.9767,28.8211
ITH,KITH,US/Eastern,Ithaca NY,42.4908,-76.4583
JAC,KJAC,US/Mountain,Jackson Hole WY,43.6065,-110.738
JAN,KJAN,US/Central,Jackson MS,32.3111,-90.0758
JAX,KJAX,US/Eastern,Jacksonville FL,30.4941,-81.6879
JED,OEJN,Asia/Kuwait,Jeddah Saudi Arabia,21.6794,39.1564
JFK,KJFK,US/Eastern,New York-Kennedy NY,40.6397,-73.7789
JIB,HFFF,Africa/Nairobi,Djibouti,11.5472,43.1594
JLN,KJLN,US/Central,Joplin MO,37.1517,-94.4981
JNB,FAJS,Africa/Johannesburg,Johannesburg South Africa,-26.1392,28.2456
JNU,PAJN,US/Alaska,Juneau AK,58.3544,-134.576
K11,OTBH,Asia/Kuwait,Al Udeid Air Base Qatar,25.1172,51.315
KBO,EDDK,Europe/Paris,Köln/Bonn Germany,50.8672,7.14361
KBP,UKKK,Europe/Moscow,Kiev Ukraine,50.345,30.895
KEF,BIKF,Etc/Greenwich,Keflavik Iceland,63.985,-22.6056
KIJ,RJSN,Asia/Tokyo,Niigata Japan,37.9558,139.121
KIN,MKJP,US/Eastern,Kingston Jamaica,17.9356,-76.7875
KIX,RJOO,Asia/Tokyo,Osaka Japan,34.4272,135.244
KOA,KKOA,US/Hawaii,Kona HI,19.7386,-156.046
KOJ,RJFK,Asia/Tokyo,Kagoshima Japan,31.8033,130.719
KRK,EPKK,Europe/Paris,Krakow Poland,50.0775,19.7847
KSC,LZKZ,Europe/Paris,Kosice Slovakia,48.6631,21.2411
KUL,WMKK,Asia/Singapore,Kuala Lumpur Malaysia,2.7456,101.71
KWI,OKBK,Asia/Kuwait,Kuwait City Kuwait,29.2264,47.9689
LAD,FNLU,Africa/Harare,Luanda Angola,-8.8583,13.2311
LAF,KLAF,US/Eastern,Lafayette IN,40.4122,-86.9367
LAI,LFRO,Europe/Paris,Lannion France,48.7542,-3.4714
LAN,KLAN,US/Eastern,Lansing MI,42.7787,-84.5874
LAP,MMLP,US/Central,La Paz Mexico,24.0725,-110.362
LAS,KLAS,US/Pacific,Las Vegas NV,36.0804,-115.152
LAX,KLAX,US/Pacific,Los Angeles CA,33.9425,-118.408
LBB,KLBB,US/Central,Lubbock TX,33.6636,-101.823
LBV,FOOL,Africa/Lagos,Libreville Gabon,0.4583,9.4122
LCA,LCLK,Europe/Athens,Larnaca Cyprus,34.875,33.6247
LCH,KLCH,US/Central,Lake Charles LA,30.1261,-93.2233
LCY,EGLC,Etc/Greenwich,London-City United Kingdom,51.5053,0.0553
LDE,LFBT,Europe/Paris,Lourdes France,43.1786,-0.0064
LED,ULLI,Europe/Moscow,St Petersburg Russia,59.8,30.265
LEX,KLEX,US/Eastern,Lexington KY,38.037,-84.6054
LFT,KLFT,US/Central,Lafayette LA,30.2053,-91.8878
LFW,DXXX,Africa/Casablanca,Lome Togo,6.1656,1.2539
LGA,KLGA,US/Eastern,New York-La Guardia NY,40.7772,-73.8725
LGW,EGKK,Etc/Greenwich,London-Gatwick United Kingdom,51.1481,-0.1903
LHR,EGLL,Etc/Greenwich,London-Heathrow United Kingdom,51.4775,-0.4614
LIG,LFBL,Europe/Paris,Limoges France,45.8628,10.1794
LIL,LFQQ,Europe/Paris,Lille France,50.5617,3.0894
LIM,SPIM,Brazil/Acre,Lima Peru,-12.0217,-77.1142
LIN,LIML,Europe/Paris,Milan-Linate Italy,45.4453,9.2769
LIR,MRLB,US/Central,Liberia Costa Rica,10.5931,-85.5442
LIS,LPPT,Etc/Greenwich,Lisbon Portugal,38.7811,-9.1358
LIT,KLIT,US/Central,Little Rock AR,34.7294,-92.2242
LJU,LJLJ,Europe/Paris,Ljubljana Slovenia,46.2236,14.4575
LMM,MMLM,US/Central,Los Mochis Mexico,25.685,-109.081
LNK,KLNK,US/Central,Lincoln NE,40.8508,-96.7592
LOS,DNMM,Africa/Lagos,Lagos Nigeria,6.5772,3.3211
LOV,MMMV,US/Central,Monclova Mexico,26.9556,-101.47
LRD,KLRD,US/Central,Laredo TX,27.5436,-99.4614
LRT,LFRH,Europe/Paris,Lorient France,47.7606,-3.44
LSE,KLSE,US/Central,La Crosse WI,43.8789,-91.2567
LTO,MMLT,US/Central,Loreto Mexico,25.9892,-111.348
LUN,FLLS,Africa/Harare,Lusaka Zambia,-15.3306,28.4525
LUX,ELLX,Europe/Paris,Luxembourg,49.6264,6.2114
LWB,KLWB,US/Eastern,Lewisburg WV,37.8583,-80.3995
LWS,KLWS,US/Mountain,Lewiston ID,46.3744,-117.015
LYH,KLYH,US/Eastern,Lynchburg VA,37.3269,-79.2004
LYS,LFLL,Europe/Paris,Lyon France,45.7261,5.0908
MAA,VOMM,Asia/Calcutta,Chennai India,12.9942,80.1803
MAD,LEMD,Europe/Paris,Madrid Spain,40.4722,-3.5608
MAF,KMAF,US/Central,Midland/Odessa TX,31.9425,-102.202
MAN,EGCC,Etc/Greenwich,Manchester United Kingdom,53.3536,-2.2747
MAR,SVMC,Chile/Continental,Maracaibo Venezuela,10.5581,-71.7278
MBJ,MKJS,US/Eastern,Montego Bay Jamaica,18.5036,-77.9133
MBS,KMBS,US/Eastern,Saginaw MI,43.5328,-84.0794
MCI,KMCI,US/Central,Kansas City-Intl MO,39.2975,-94.7139
MCN,KMCN,US/Eastern,Macon GA,32.6928,-83.6492
MCO,KMCO,US/Eastern,Orlando-International FL,28.4289,-81.3158
MCW,KMCW,US/Central,Mason City IA,43.1578,-93.3311
MDT,KMDT,US/Eastern,Harrisburg PA,40.1936,-76.7633
MDW,KMDW,US/Central,Chicago-Midway IL,41.7861,-87.7525
MEI,KMEI,US/Central,Meridian MS,32.3328,-88.7517
MEM,KMEM,US/Central,Memphis TN,35.0436,-89.9767
MEX,MMMX,US/Central,Mexico City Mexico,19.4361,-99.0719
MFD,KMFD,US/Eastern,Mansfield OH,40.8214,-82.5164
MFE,KMFE,US/Central,McAllen TX,26.1758,-98.2386
MFR,KMFR,US/Pacific,Medford OR,42.3742,-122.873
MGA,MNMG,US/Central,Managua Nicaragua,12.1411,-86.1681
MGM,KMGM,US/Central,Montgomery AL,32.3006,-86.394
MHT,KMHT,US/Eastern,Manchester NH,42.9335,-71.4377
MIA,KMIA,US/Eastern,Miami FL,25.7931,-80.2906
MID,MMMD,US/Central,Merida Mexico,20.9369,-89.6575
MKE,KMKE,US/Central,Milwaukee WI,42.9467,-87.8969
MKG,KMKG,US/Eastern,Muskegon MI,43.1694,-86.2381
MLA,LMML,Europe/Paris,Valetta Malta,35.8572,14.4775
MLB,KMLB,US/Eastern,Melbourne FL,28.1028,-80.6458
MLH,LFSB,Europe/Paris,Mulhouse France,47.5896,7.5299
MLI,KMLI,US/Central,Moline/Quad Cities IL/IA,41.4481,-90.5072
MLM,MMMM,US/Central,Morelia Mexico,19.8497,-101.025
MLU,KMLU,US/Central,Monroe LA,32.5108,-92.0378
MNL,RPLL,Asia/Manila,Manila Philippines,14.5086,121.019
MOB,KMOB,US/Central,Mobile AL,30.6914,-88.2428
MOT,KMOT,US/Central,Minot ND,48.2592,-101.28
MPL,LFMT,Europe/Paris,Montpelier France,43.5761,3.9628
MQT,KMQT,US/Central,Marquette WI,46.5339,-87.5617
MRS,LFML,Europe/Paris,Marseille France,43.4356,5.2136
MRU,FIMP,Indian/Mahe,Mauritius,-20.43,57.6833
MRY,KMRY,US/Pacific,Monterey CA,36.5875,-121.843
MSH,OOMA,Asia/Dubai,Masirah AB Oman,20.6753,58.8906
MSL,KMSL,US/Central,Muscle Shoals AL,34.7453,-87.61
MSN,KMSN,US/Central,Madison WI,43.1399,-89.3375
MSO,KMSO,US/Mountain,Missoula MT,46.9163,-114.091
MSP,KMSP,US/Central,Minneapolis/St Paul MN,44.8806,-93.2169
MSY,KMSY,US/Central,New Orleans LA,29.9934,-90.258
MTJ,KMTJ,US/Mountain,Montrose/Telluride CO,38.5086,-107.894
MTY,MMMY,US/Central,Monterrey Mexico,25.7783,-100.107
MUC,EDDM,Europe/Paris,Munich Germany,48.3536,11.7858
MXL,MMML,US/Central,Mexicali Mexico,32.6306,-115.241
MXP,LIMC,Europe/Paris,Milan-Malpensa Italy,45.6314,8.7278
MYR,KMYR,US/Eastern,Myrtle Beach SC,33.6797,-78.9283
MZT,MMMZ,US/Mountain,Mazatlan Mexico,23.1611,-106.266
NAP,LIRN,Europe/Paris,Naples Italy,40.8858,14.2906
NAS,MYNN,US/Eastern,Nassau Bahamas,25.0389,-77.4661
NBO,HKJK,Africa/Nairobi,Nairobi Kenya,-1.3192,36.9275
NCE,LFMN,Europe/Paris,Nice France,43.6606,7.2175
NCL,EGNT,Etc/Greenwich,Newcastle United Kingdom,55.0375,-1.6917
NCY,LFLP,Europe/Paris,Annecy France,45.9292,6.0986
NDJ,FTTJ,Africa/Harare,Ndjamena Chad,12.1336,15.0339
NGO,RJNN,Asia/Tokyo,Nagoya Japan,35.2553,136.924
NGS,RJFU,Asia/Tokyo,Nagasaki Japan,32.9169,129.914
NIM,DRRN,Africa/Lagos,Niamey Niger,13.4814,2.1836
NKC,GQNN,Africa/Casablanca,Nouakchott Mauritania,18.0978,-15.9478
NOU,NWWN,Pacific/Guadalcanal,Noumea New Caledonia,-22.0144,166.213
NRT,RJAA,Asia/Tokyo,Tokyo-Narita Japan,35.7647,140.386
NSI,FKYS,Africa/Lagos,Yaounde Cameroon,3.7225,11.5531
NTE,LFRS,Europe/Paris,Nantes France,47.1531,1.6106
NUE,EDDN,Europe/Paris,Nurnberg Germany,49.4986,11.0781
OAK,KOAK,US/Pacific,Oakland CA,37.7214,-122.221
OAX,MMOX,US/Central,Oaxaca Mexico,16.9997,-96.7264
OGG,PHOG,US/Hawaii,Kahului HI,20.8986,-156.43
OIT,RJFO,Asia/Tokyo,Oita Japan,33.4794,131.737
OKA,RJKB,Asia/Tokyo,Okinawa Japan,26.1956,127.647
OKC,KOKC,US/Central,Oklahoma City OK,35.3931,-97.6007
OKJ,RJOB,Asia/Tokyo,Okayama Japan,34.7569,133.855
OMA,KOMA,US/Central,Omaha NE,41.3025,-85.8942
ONT,KONT,US/Pacific,Ontario CA,34.056,-117.601
OPO,LPPR,Etc/Greenwich,Porto Portugal,41.2481,-8.6814
ORD,KORD,US/Central,Chicago-O'Hare IL,41.9794,-87.9044
ORF,KORF,US/Eastern,Norfolk VA,36.8947,-76.2011
ORH,KORH,US/Eastern,Worcester MA,42.2673,-71.8757
ORL,KORL,US/Eastern,Orlando-Executive FL,28.5453,-81.3328
ORY,LFPO,Europe/Paris,Paris-Orly France,48.7253,2.3594
OSL,ENGM,Europe/Paris,Oslo Norway,60.1939,11.1003
OSR,LKMT,Europe/Paris,Ostrava Czech Republic,49.6964,18.1111
OTP,LROP,Europe/Athens,Bucharest Romania,44.5736,26.1033
OUA,DFFD,Africa/Casablanca,Ouagadougou Burkina Faso,12.3531,-1.5122
PAH,KPAH,US/Central,Paducah KY,37.0608,-88.7736
PAP,MTPP,US/Eastern,Port au Prince Haiti,18.58,-72.2925
PBC,MMPB,US/Central,Puebla Mexico,19.1581,-98.3714
PBI,KPBI,US/Eastern,West Palm Beach FL,26.6832,-80.0956
PDS,MMPG,US/Central,Piedras Negras Mexico,28.6272,-100.535
PDX,KPDX,US/Pacific,Portland OR,45.5886,-122.598
PEG,LIRZ,Europe/Paris,Perugia Italy,43.0958,12.5131
PEK,ZBAA,Asia/Harbin,Beijing China,40.08,116.584
PER,YPPH,Australia/West,Perth Australia,-31.9411,115.967
PFN,KPFN,US/Central,Panama City FL,30.2121,-85.6828
PGF,LFMP,Europe/Paris,Perpignan France,42.7403,2.8706
PHC,DNPO,Africa/Lagos,Port Harcourt Nigeria,5.0153,6.9494
PHF,KPHF,US/Eastern,Newport News VA,37.1319,-76.4931
PHL,KPHL,US/Eastern,Philadelphia PA,39.8719,-75.2411
PHX,KPHX,US/Arizona,Phoenix AZ,33.4342,-112.008
PIA,KPIA,US/Central,Peoria IL,40.6642,-89.6933
PIH,KPIH,US/Mountain,Pocatello ID,42.9113,-112.596
PIR,KPIR,US/Central,Pierre SD,44.3825,-100.286
PIT,KPIT,US/Eastern,Pittsburgh PA,40.4914,-80.2328
PLN,KPLN,US/Eastern,Pellston MI,45.5708,-84.7967
PLS,MRPV,US/Eastern,Providenciales Turks and Caicos,21.7733,-72.2658
PLZ,FAPE,Africa/Johannesburg,Port Elizabeth South Africa,-33.9847,25.6172
PMI,LEPA,Europe/Paris,Palma de Mallorca Spain,39.55,2.7333
PMO,LICP,Europe/Paris,Palermo Italy,38.1758,13.0908
PNR,FCPP,Africa/Harare,Pointe-Noire Congo,-4.8133,11.8858
PNS,KPNS,US/Central,Pensacola FL,30.4733,-87.1874
POP,MDPP,US/Eastern,Puerto Plata Dominican Republic,19.7572,-70.5697
POS,TTPS,Canada/Atlantic,Port of Spain Trinidad & Tobago,10.5953,-61.3372
PPT,NTAA,Pacific/Samoa,Papeete Tahiti,-17.5536,-149.607
PRG,LKPR,Europe/Paris,Prague Czech Republic,50.1008,14.26
PSA,LIRP,Europe/Paris,Pisa Italy,43.6839,10.3925
PSC,KPSC,US/Pacific,Pasco/Richland WA,46.2644,-119.119
PSP,KPSP,US/Pacific,Palm Springs CA,33.8292,-116.506
PTP,TFFR,Canada/Atlantic,Pointe a Pitre Guadeloupe,16.2653,-61.5317
PTY,MPTO,Brazil/Acre,Panama City Panama,9.0711,-79.3833
PUF,LFBP,Europe/Paris,Pau France,43.38,-0.4186
PUJ,MDPC,US/Eastern,Punta Cana Dominican Republic,18.5669,-68.3631
PUS,RKPK,Asia/Seoul,Busan South Korea,35.1794,128.938
PVD,KPVD,US/Eastern,Providence RI,41.7239,-71.4283
PVG,ZSSS,Asia/Harbin,Shanghai-Pudong China,31.1333,121.783
PVR,MMPR,US/Central,Puerto Vallarta Mexico,20.68,-105.254
PWM,KPWM,US/Eastern,Portland ME,43.6462,-70.3087
QRO,MMQT,US/Central,Queretaro Mexico,20.6175,-100.186
RAK,GMMX,Africa/Casablanca,Marrakech Morocco,31.6067,-8.0361
RAP,KRAP,US/Mountain,Rapid City SD,44.0453,-103.058
RBA,GMME,Africa/Casablanca,Rabat Morocco,34.0514,-6.7514
RDM,KRDM,US/Pacific,Redmond OR,44.2539,-121.15
RDU,KRDU,US/Eastern,Raleigh/Durham NC,35.8776,-78.7875
RDZ,LFCR,Europe/Paris,Rodez France,44.4078,2.4825
REG,LICR,Europe/Paris,Reggio Calabria Italy,38.0711,15.6514
RGI,SAWG,Brazil/Acre,Rio Gallegos Argentina,-51.9481,-69.3153
RHI,KRHI,US/Central,Rhinelander WI,45.6311,-89.4672
RIC,KRIC,US/Eastern,Richmond VA,37.5052,-77.3197
RIX,EVRA,Europe/Athens,Riga Latvia,56.9236,23.9711
RMI,LIPR,Europe/Paris,Rimini Italy,44.0203,12.6117
RMS,ETAR,Europe/Paris,Ramstein Air Base Germany,49.4369,7.60028
RNO,KRNO,US/Pacific,Reno NV,39.4986,-119.768
RNS,LFRN,Europe/Paris,Rennes France,48.0694,-1.7347
ROA,KROA,US/Eastern,Roanoke VA,37.3255,-79.9754
ROC,KROC,US/Eastern,Rochester NY,43.1189,-77.6725
RST,KRST,US/Central,Rochester MN,43.9072,-92.4989
RSW,KRSW,US/Eastern,Fort Myers FL,26.5362,-81.7552
RUH,OERK,Asia/Kuwait,Riyadh Saudi Arabia,24.9575,46.6986
RUN,FMEE,Indian/Kerguelen,St Denis Reunion Island,-20.8869,55.5103
SAL,MSSS,US/Central,San Salvador El Salvador,13.4406,-89.0558
SAN,KSAN,US/Pacific,San Diego CA,32.7336,-117.19
SAP,MHLM,US/Central,San Pedro Sula Honduras,15.4525,-87.9233
SAT,KSAT,US/Central,San Antonio TX,29.5336,-98.4697
SAV,KSAV,US/Eastern,Savannah GA,32.1276,-81.2021
SBA,KSBA,US/Pacific,Santa Barbara CA,34.4261,-119.84
SBN,KSBN,US/East-Indiana,South Bend/Elkhart IN,41.709,-86.3185
SBP,KSBP,US/Pacific,San Luis Obispo CA,35.2367,-120.642
SCE,KSCE,US/Eastern,State College PA,40.8492,-77.8486
SCL,SCEL,Chile/Continental,Santiago Chile - A. Merino Benitez,-33.3928,-70.7856
SDF,KSDF,US/Eastern,Louisville KY,38.1744,-85.736
SDQ,MDSD,US/Eastern,Santo Domingo Dominican Republic,18.4294,-69.6686
SEA,KSEA,US/Pacific,Seattle/Tacoma WA,47.4489,-122.309
SEL,RKSS,Asia/Seoul,Seoul-Kimpo South Korea,37.5581,126.791
SEZ,FSIA,Indian/Mahe,Maye Island Seychelles,-4.6742,55.5189
SFO,KSFO,US/Pacific,San Francisco CA,37.619,-122.375
SGF,KSGF,US/Central,Springfield MO,37.2442,-93.3867
SGN,VVTS,Asia/Bangkok,Ho Chi Minh City Viet Nam,10.8186,106.652
SGU,KSGU,US/Mountain,St George UT,37.0906,-113.593
SHV,KSHV,US/Central,Shreveport LA,32.4467,-93.8256
SIN,WSSS,Asia/Singapore,Singapore,1.3556,103.987
SJC,KSJC,US/Pacific,San Jose CA,37.3619,-121.929
SJD,MMSD,US/Central,San Jose del Cabo Mexico,23.1517,-109.721
SJO,MROC,US/Central,San Jose Costa Rica Juan Santamaria,9.99306,-84.2083
SJU,TJSJ,US/Eastern,San Juan Puerto Rico,18.4394,-66.0018
SKG,LGSD,Europe/Athens,Thessaloniki Greece,40.5197,22.9708
SLC,KSLC,US/Mountain,Salt Lake City UT,40.7883,-111.978
SLD,LZSL,Europe/Paris,Sliac Slovakia,49.6378,19.1339
SLP,MMSP,US/Central,San Luis Potosi Mexico,22.2542,-100.931
SLW,MMIO,US/Central,Saltillo Mexico,25.5494,-100.929
SMF,KSMF,US/Pacific,Sacramento CA,38.6956,-121.591
SNA,KSNA,US/Pacific,Orange County CA,33.6756,-117.868
SNN,EINN,Etc/Greenwich,Shannon Ireland,52.7019,-8.9247
SOF,LBSF,Europe/Paris,Sofia Bulgaria,42.695,23.4061
SOU,EGHI,Etc/Greenwich,Southampton United Kingdom,50.95,-1.3567
SPU,LDSP,Europe/Paris,Split Croatia,43.5389,16.2978
SRQ,KSRQ,US/Eastern,Sarasota FL,27.3953,-82.5541
SSG,FGSL,Africa/Lagos,Malabo Equatorial Guinea,3.755,8.7086
STC,KSTC,US/Central,St Cloud MN,45.5464,-94.0597
STI,MDST,US/Eastern,Santiago Dominican Republic,19.4092,-70.6164
STL,KSTL,US/Central,St Louis MO,38.7477,-90.36
STR,EDDS,Europe/Paris,Stuttgart Germany,48.6892,9.22167
STT,TIST,Canada/Atlantic,St Thomas US Virgin Islands,18.3373,-64.9734
STX,TISX,US/Eastern,St Croix US Virgin Islands,17.7017,-64.7983
SUF,LICA,Europe/Paris,Lamezia Terme Italy,38.9064,16.2422
SUN,KSUN,US/Mountain,Sun Valley ID,43.5041,-114.296
SUX,KSUX,US/Central,Sioux City IA,42.7025,-96.3842
SVO,UUEE,Europe/Moscow,Moscow Russia,55.9717,37.415
SVQ,LEZL,Europe/Paris,Seville Spain,37.4178,-5.8931
SWF,KSWF,US/Eastern,Newburgh NY,41.5042,-74.1047
SXB,LFST,Europe/Paris,Strasbourg France,48.5381,7.6281
SXM,TNCM,Canada/Atlantic,St Maarten Netherlands Antilles,18.0408,-63.1089
SYD,YSSY,Australia/NSW,Sydney Australia,-33.9461,151.177
SYR,KSYR,US/Eastern,Syracuse NY,43.1112,-76.1063
SZG,LOWS,Europe/Paris,Salzburg Austria,47.785,13
TAM,MMTM,US/Central,Tampico Mexico,22.2964,-97.8658
TAP,MMTP,US/Central,Tapachula Mexico,14.7942,-92.37
TAS,UTTT,Asia/Tashkent,Tashkent Uzbekistan,41.2572,69.2817
TER,LPLA,Atlantic/Azores,Lajes Air Base Azores,38.7619,-27.0908
TGU,MHTG,US/Central,Tegucigalpa Honduras,14.0608,-87.2169
THR,OIII,Asia/Tehran,Tehran Iran,35.6892,51.3133
TIA,LATI,Europe/Paris,Tirana Albania,41.4147,19.7206
TIP,HLLT,Europe/Paris,Tripoli Libya,32.6633,13.1589
TLH,KTLH,US/Eastern,Tallahassee FL,30.3965,-84.3503
TLL,EETN,Europe/Athens,Tallinn Estonia,59.4131,24.8328
TLN,LFTH,Europe/Paris,Toulon France,43.0972,6.1458
TLS,LFBO,Europe/Paris,Toulouse France,43.6289,1.3636
TLV,LLTM,Europe/Athens,Tel Aviv Israel,32.0094,34.8767
TNG,GMTT,Africa/Casablanca,Tangier Morocco,35.7322,-5.9167
TNR,FMMI,Africa/Nairobi,Antananarivo Madagascar,-18.7967,47.4786
TOL,KTOL,US/Eastern,Toledo OH,41.5869,-83.8078
TPA,KTPA,US/Eastern,Tampa/St Petersburg FL,27.9755,-82.5332
TPE,RCTP,Asia/Harbin,Taipei Chiang Kai-Shek,25.0867,121.245
TRC,MMTC,US/Central,Torreon Mexico,25.5681,-103.411
TRI,KTRI,US/Eastern,Bristol-Tri Cities TN/VA,36.475,-82.4075
TRN,LIMF,Europe/Paris,Turin Italy,45.2006,7.6494
TRS,LIVT,Europe/Paris,Trieste Italy,45.8278,13.4664
TTH,OOTH,Asia/Dubai,Thumrait AB Oman,17.6661,54.0247
TUL,KTUL,US/Central,Tulsa OK,36.1984,-95.8882
TUN,DTTA,Europe/Paris,Tunis Tunisia,36.8508,10.2269
TUP,KTUP,US/Central,Tupelo MS,34.2681,-88.7697
TUS,KTUS,US/Arizona,Tucson AZ,32.1161,-110.941
TVC,KTVC,US/Eastern,Traverse City MI,44.7414,-85.5822
TVF,KTVF,US/Central,Thief River Falls MN,48.0653,-96.1833
TWF,KTWF,US/Mountain,Twin Falls ID,42.4818,-114.488
TXK,KTXK,US/Central,Texarkana AR,33.4537,-93.991
TXL,EDDT,Europe/Paris,Berlin-Tegel Germany,52.5594,13.2875
TYS,KTYS,US/Eastern,Knoxville TN,35.8125,-83.9929
UIO,SEQU,Brazil/Acre,Quito Ecuador,-0.1411,-78.4881
UIP,LFRQ,Europe/Paris,Quimper France,47.9747,-4.1678
URO,LFOP,Europe/Paris,Rouen France,49.3842,1.1747
UVF,TLPL,Canada/Atlantic,St Lucia West Indies,13.7331,-60.9525
VCE,LIPZ,Europe/Paris,Venice Italy,45.505,12.3517
VCT,KVCT,US/Central,Victoria TX,28.8525,-96.9183
VCV,KVCV,US/Pacific,Victorville CA,34.5931,-117.379
VER,MMVR,US/Central,Veracruz Mexico,19.1453,-96.1869
VGO,LEVX,Europe/Paris,Vigo Spain,42.2317,-8.6267
VIE,LOWW,Europe/Paris,Vienna Austria,48.1103,16.5697
VLC,LEVC,Europe/Paris,Valencia Spain,39.4892,-0.4814
VLD,KVLD,US/Eastern,Valdosta GA,30.7825,-83.2767
VLL,LEVD,Europe/Paris,Valladolid Spain,41.7061,-4.8519
VNO,EYVI,Europe/Athens,Vilnius Lithuania,54.6339,25.2856
VPS,KVPS,US/Central,Ft Walton Beach FL,30.4832,-86.5254
VRN,LIPX,Europe/Paris,Verona Italy,45.3956,10.8883
VSA,MMVA,US/Central,Villahermosa Mexico,17.9969,-92.8172
WAW,EPWA,Europe/Paris,Warsaw Poland,52.1658,20.9672
WDH,FAWW,Africa/Johannesburg,Windhoek Namibia,-22.4797,17.4708
WYS,KWYS,US/Mountain,West Yellowstone MT,44.6884,-111.118
XNA,KXNA,US/Central,Fayetteville AR,36.2819,-94.3068
YEG,CYEG,US/Mountain,Edmonton AB Canada,53.3097,-113.58
YFC,CYFC,Canada/Atlantic,Fredericton NB Canada,45.8694,-66.5317
YHZ,CYHZ,Canada/Atlantic,Halifax NS Canada,44.8808,-64.0086
YOW,CYOW,US/Eastern,Ottawa ON Canada,45.3225,-75.6692
YQB,CYQB,US/Eastern,Quebec QC Canada,46.7883,71.3975
YQR,CYQR,Canada/Saskatchewan,Regina SK Canada,50.4319,-104.666
YQT,CYQT,US/Central,Thunder Bay ON Canada,48.3719,-89.3239
YQX,CYQX,Canada/Newfoundland,Gander NF Canada,48.9375,-54.5681
YUL,CYUL,US/Eastern,Montreal QC Canada,45.4681,-73.7414
YVR,CYVR,US/Pacific,Vancouver BC Canada,49.195,-123.182
YWG,CYWG,US/Central,Winnipeg MB Canada,49.91,-97.2344
YXE,CYXE,Canada/Saskatchewan,Saskatoon SK Canada,52.1708,-106.7
YXU,CYXU,US/Eastern,London ON Canada,43.0356,-81.1539
YYC,KYYC,US/Mountain,Calgary AB Canada,51.1139,-114.02
YYT,CYYT,Canada/Newfoundland,St Johns NF Canada,47.6186,-52.7519
YYZ,CYYZ,US/Eastern,Toronto ON Canada,43.6772,-79.6306
ZAG,LDZA,Europe/Paris,Zagreb Croatia,45.7428,16.0686
ZIH,MMZH,US/Central,Ixtapa Mexico,17.6014,-101.46
ZRH,LSZH,Europe/Paris,Zurich Switzerland,47.4647,8.5492
